IP地址,端口,回源端口
35.201.203.106,443,443
35.194.154.249,443,443
220.143.33.174,443,443
103.153.176.171,443,443
111.240.140.112,10255,10255
35.201.185.213,443,443
111.255.214.65,10080,10080
211.21.210.55,443,443
36.225.31.115,4443,4443
34.80.252.53,443,443
122.117.232.81,443,443
36.237.177.238,443,443
45.129.78.142,443,443
23.48.191.192,443,443
23.46.63.123,443,443
35.221.166.188,80,80
111.251.207.236,18081,18081
103.137.247.29,443,443
36.237.27.16,27017,27017
34.80.81.72,443,443
111.252.68.105,11211,11211
103.129.178.175,443,443
106.105.234.48,28017,28017
35.206.224.220,443,443
219.85.167.29,34599,34599
35.221.166.188,443,443
1.162.80.117,12000,12000
103.137.63.33,443,443
35.229.187.31,443,443
36.237.140.49,443,443
61.223.129.79,443,443
220.143.0.153,443,443
220.143.16.106,443,443
1.162.156.243,8222,8222
114.41.72.60,443,443
36.237.158.28,443,443
118.166.29.24,443,443
36.237.134.64,443,443
35.221.166.188,80,80
35.221.166.188,443,443
111.249.251.172,8080,8080
103.24.55.142,443,443
125.230.213.16,20201,20201
218.172.20.57,18080,18080
59.120.116.28,10000,10000
218.172.44.213,18080,18080
59.120.116.28,18080,18080
1.162.63.204,8222,8222
45.121.50.95,10443,10443
36.227.82.79,10002,10002
36.237.5.3,27017,27017
111.249.222.66,8080,8080
35.221.166.188,80,80
1.169.227.6,10443,10443
35.221.166.188,443,443
36.238.209.239,443,443
36.238.208.149,443,443
111.253.198.155,443,443
111.240.82.221,10218,10218
118.166.209.150,4443,4443
60.250.125.21,443,443
36.238.206.38,443,443
37.128.253.205,443,443
111.255.20.166,10005,10005
61.223.135.83,443,443
111.249.230.247,8080,8080
118.165.36.138,12300,12300
185.248.184.237,8443,8443
37.128.253.205,443,443
35.194.235.5,80,80
35.194.235.5,443,443
96.17.3.59,80,80
96.17.3.59,80,80
36.229.69.221,10101,10101
35.221.166.188,443,443
35.221.166.188,80,80
96.17.3.59,443,443
114.24.16.206,10002,10002
103.148.73.167,20002,20002
168.95.1.1,80,80
61.61.69.11,443,443
220.130.80.179,80,80
220.143.6.160,443,443
220.143.33.77,443,443
34.80.151.203,443,443
36.238.194.170,443,443
104.199.178.110,443,443
23.41.129.5,443,443
23.41.129.5,80,80
210.71.227.41,443,443
36.239.212.88,10120,10120
114.41.0.192,51000,51000
111.249.197.186,8080,8080
1.164.133.215,12300,12300
1.170.211.61,10443,10443
103.24.54.28,80,80
103.24.54.28,443,443
36.237.186.130,443,443
103.115.108.186,443,443
210.209.224.135,33333,33333
45.121.50.204,443,443
36.232.36.238,10443,10443
111.251.214.120,10443,10443
104.199.197.72,443,443
108.165.144.109,2083,2083
61.227.66.167,28017,28017
111.248.89.19,23424,23424
125.230.242.186,20201,20201
218.172.37.54,18080,18080
36.227.126.114,10002,10002
1.164.132.162,12300,12300
34.80.238.199,443,443
1.172.107.6,80,80
60.249.94.200,80,80
1.172.68.239,80,80
36.237.178.52,443,443
103.144.33.157,443,443
36.238.208.107,443,443
111.249.198.138,8080,8080
36.237.184.246,443,443
220.143.12.221,443,443
1.161.86.59,32443,32443
125.224.9.139,32443,32443
122.121.169.146,80,80
125.224.9.139,35002,35002
111.249.250.211,8080,8080
36.225.167.184,30444,30444
118.166.207.2,4443,4443
111.248.2.53,32102,32102
1.170.78.123,32400,32400
111.253.200.193,443,443
103.61.139.135,443,443
36.238.211.126,443,443
103.137.63.182,443,443
122.116.240.124,443,443
1.172.2.60,24181,24181
106.105.113.124,25004,25004
111.249.198.218,8080,8080
35.206.252.106,80,80
35.206.252.106,443,443
36.232.234.124,32771,32771
61.230.221.174,29015,29015
107.167.178.231,443,443
114.41.88.32,443,443
203.69.36.240,443,443
61.58.84.253,443,443
35.185.173.178,443,443
36.237.140.236,443,443
36.238.203.229,443,443
203.69.36.239,443,443
220.143.12.120,443,443
35.206.201.214,40000,40000
35.206.241.99,40000,40000
35.206.213.150,40000,40000
35.206.242.3,40000,40000
103.244.226.207,80,80
103.244.226.207,80,80
103.244.226.207,80,80
103.244.226.207,80,80
103.244.226.207,80,80
103.244.226.207,80,80
103.244.226.207,80,80
103.244.226.207,80,80
103.244.226.207,80,80
1.175.229.72,11481,11481
219.84.234.22,29876,29876
35.206.217.247,40000,40000
36.238.83.58,18246,18246
114.37.96.221,19100,19100
103.244.226.207,80,80
103.244.226.207,80,80
103.244.226.207,80,80
103.244.226.207,80,80
103.244.226.207,80,80
103.244.226.207,80,80
103.244.226.207,80,80
103.244.226.207,80,80
103.244.226.207,80,80
103.244.226.207,80,80
103.244.226.207,80,80
115.43.101.98,443,443
218.172.30.187,18080,18080
35.206.222.11,40001,40001
111.252.68.128,11211,11211
125.230.5.106,10000,10000
125.230.222.196,20201,20201
35.221.141.185,80,80
35.221.141.185,443,443
35.221.141.185,443,443
35.221.141.185,80,80
35.221.141.185,443,443
35.221.141.185,443,443
35.221.141.185,443,443
35.221.141.185,80,80
35.221.141.185,443,443
35.221.141.185,443,443
35.221.141.185,80,80
35.221.141.185,443,443
35.221.141.185,80,80
35.221.141.185,443,443
35.221.141.185,443,443
35.221.141.185,80,80
35.221.141.185,80,80
35.221.141.185,443,443
35.221.141.185,80,80
35.221.141.185,80,80
35.221.141.185,80,80
35.221.141.185,443,443
106.105.241.181,18245,18245
61.230.217.15,29015,29015
219.85.145.241,10443,10443
185.248.184.167,10002,10002
36.239.163.246,30012,30012
165.154.227.186,80,80
111.255.233.15,25000,25000
118.168.246.95,10255,10255
1.171.174.245,18000,18000
36.237.190.47,443,443
61.223.138.64,443,443
103.244.226.207,80,80
36.237.189.252,443,443
107.167.182.94,443,443
114.34.128.111,32770,32770
103.244.226.207,443,443
103.244.226.207,80,80
103.244.226.207,443,443
103.244.226.207,80,80
103.244.226.207,80,80
103.244.226.207,80,80
103.244.226.207,80,80
103.244.226.207,80,80
103.244.226.207,443,443
103.244.226.207,443,443
103.244.226.207,443,443
103.244.226.207,443,443
103.244.226.207,80,80
103.244.226.207,443,443
103.244.226.207,80,80
111.249.207.66,8080,8080
103.244.226.207,443,443
103.244.226.207,80,80
103.244.226.207,443,443
103.244.226.207,443,443
103.244.226.207,443,443
103.244.226.207,443,443
1.170.97.29,32400,32400
103.244.226.207,80,80
103.244.226.207,80,80
103.244.226.207,80,80
103.244.226.207,443,443
103.244.226.207,443,443
103.244.226.207,443,443
103.244.226.207,443,443
103.244.226.207,443,443
103.244.226.207,443,443
103.244.226.207,443,443
103.244.226.207,443,443
103.244.226.207,80,80
103.244.226.207,80,80
103.244.226.207,80,80
103.244.226.207,80,80
103.244.226.207,80,80
103.244.226.207,80,80
103.244.226.207,80,80
103.244.226.207,80,80
36.237.177.190,443,443
103.137.63.64,443,443
103.244.226.207,443,443
103.244.226.207,443,443
103.244.226.207,443,443
103.244.226.207,443,443
103.244.226.207,443,443
103.244.226.207,443,443
103.244.226.207,443,443
103.244.226.207,443,443
103.244.226.207,80,80
103.244.226.207,80,80
103.244.226.207,80,80
103.244.226.207,80,80
103.244.226.207,80,80
220.143.26.180,443,443
36.238.196.78,443,443
104.199.166.196,8880,8880
103.137.63.211,443,443
36.225.12.193,4443,4443
114.43.139.16,27016,27016
61.62.151.39,11920,11920
36.235.190.29,11101,11101
112.105.64.253,16010,16010
34.80.198.36,443,443
34.80.198.36,80,80
219.85.85.138,22103,22103
122.147.252.12,22103,22103
36.236.25.171,17000,17000
1.162.46.10,8222,8222
114.38.192.242,37810,37810
210.209.140.39,11371,11371
35.221.141.185,443,443
35.221.141.185,80,80
35.221.141.185,80,80
35.221.141.185,80,80
35.221.141.185,443,443
35.221.141.185,80,80
35.221.141.185,80,80
35.221.141.185,443,443
35.221.141.185,443,443
35.221.141.185,443,443
35.221.141.185,80,80
35.221.141.185,80,80
35.221.141.185,80,80
35.221.141.185,80,80
35.221.141.185,443,443
35.221.141.185,80,80
35.221.141.185,443,443
35.221.141.185,443,443
35.221.141.185,443,443
35.221.141.185,443,443
35.221.141.185,443,443
35.221.141.185,80,80
35.221.141.185,443,443
35.221.141.185,80,80
35.221.141.185,443,443
35.221.141.185,80,80
35.221.141.185,443,443
35.221.141.185,80,80
35.221.141.185,443,443
35.221.141.185,80,80
35.221.141.185,443,443
35.221.141.185,443,443
35.221.141.185,443,443
35.221.141.185,443,443
35.221.141.185,80,80
35.221.141.185,80,80
35.221.141.185,443,443
35.221.141.185,443,443
35.221.141.185,80,80
35.221.141.185,443,443
35.221.141.185,80,80
35.221.141.185,443,443
35.221.141.185,80,80
35.221.141.185,80,80
35.221.141.185,443,443
35.221.141.185,443,443
35.221.141.185,80,80
35.221.141.185,443,443
35.221.141.185,80,80
35.221.141.185,443,443
35.221.141.185,80,80
35.221.141.185,443,443
36.237.150.199,443,443
35.185.155.173,443,443
36.238.209.12,443,443
103.61.139.202,443,443
34.80.81.72,443,443
45.129.78.234,443,443
1.171.145.17,18000,18000
35.206.207.106,40001,40001
111.249.226.153,8080,8080
35.206.248.224,40000,40000
36.239.108.245,23424,23424
35.236.176.169,2333,2333
35.206.192.195,40000,40000
104.199.250.80,8443,8443
1.169.227.92,10443,10443
114.42.47.163,10936,10936
114.32.251.166,9006,9006
36.231.123.215,27016,27016
35.206.236.15,40000,40000
35.221.141.185,443,443
35.221.141.185,443,443
35.221.141.185,80,80
35.221.141.185,443,443
35.221.141.185,80,80
35.221.141.185,80,80
35.221.141.185,80,80
35.221.141.185,80,80
35.221.141.185,443,443
35.221.141.185,80,80
35.221.141.185,80,80
35.221.141.185,80,80
35.221.141.185,80,80
35.221.141.185,80,80
35.221.141.185,443,443
35.221.141.185,80,80
35.221.141.185,443,443
35.206.239.35,40000,40000
218.164.129.100,10892,10892
35.221.141.185,80,80
35.221.141.185,80,80
35.221.141.185,80,80
35.221.141.185,443,443
35.221.141.185,443,443
35.221.141.185,80,80
35.221.141.185,443,443
35.221.141.185,443,443
35.221.141.185,443,443
35.221.141.185,80,80
35.221.141.185,80,80
35.221.141.185,80,80
35.221.141.185,443,443
35.221.141.185,443,443
35.221.141.185,80,80
35.221.141.185,80,80
35.221.141.185,443,443
35.221.141.185,443,443
35.221.141.185,443,443
35.221.141.185,80,80
35.221.141.185,443,443
35.221.141.185,443,443
35.221.141.185,443,443
35.221.141.185,80,80
35.221.141.185,443,443
35.221.141.185,80,80
35.221.141.185,443,443
35.221.141.185,80,80
35.221.141.185,80,80
35.221.141.185,80,80
35.221.141.185,80,80
35.221.141.185,443,443
36.227.69.158,10002,10002
35.221.141.185,443,443
36.237.136.184,443,443
36.238.209.148,443,443
36.238.209.145,443,443
61.230.235.55,20000,20000
36.232.4.99,10443,10443
118.166.75.123,20201,20201
59.125.53.1,2052,2052
36.232.6.192,10443,10443
125.230.233.212,20201,20201
220.143.37.238,443,443
45.150.242.226,443,443
218.172.35.90,18080,18080
35.234.62.94,443,443
218.166.3.119,10935,10935
36.235.149.127,10935,10935
1.162.183.21,8222,8222
59.125.53.1,2082,2082
111.246.133.33,37810,37810
203.69.36.238,443,443
36.237.179.185,443,443
36.237.149.57,443,443
45.129.78.80,443,443
118.166.8.38,443,443
36.237.167.224,443,443
114.46.161.106,11180,11180
118.170.235.73,10000,10000
37.128.253.213,2053,2053
45.150.242.226,443,443
35.221.141.185,80,80
1.169.243.13,10443,10443
35.221.141.185,443,443
35.221.141.185,80,80
165.154.17.186,8080,8080
111.249.229.232,8080,8080
114.42.57.246,30110,30110
114.41.211.137,11681,11681
61.62.144.5,11681,11681
45.129.78.69,2053,2053
1.171.180.76,18000,18000
114.41.211.137,22105,22105
114.26.11.164,10894,10894
36.225.45.149,4443,4443
219.84.8.54,35101,35101
118.165.85.19,35101,35101
45.129.78.69,8443,8443
36.232.225.154,10533,10533
114.39.26.8,22403,22403
1.169.225.36,37080,37080
111.252.85.18,11211,11211
36.224.179.229,11680,11680
219.85.203.137,31380,31380
35.221.255.242,80,80
1.164.130.15,12300,12300
111.255.109.110,35554,35554
36.231.157.146,35554,35554
122.118.135.67,21262,21262
36.237.78.72,21262,21262
61.30.182.65,20894,20894
1.174.38.234,21285,21285
111.249.23.169,35531,35531
219.85.203.137,17100,17100
111.249.131.32,21267,21267
122.121.196.107,10120,10120
61.224.197.163,16012,16012
36.224.179.229,21230,21230
37.128.252.196,8080,8080
111.249.229.252,8080,8080
103.148.73.167,50002,50002
42.0.118.176,10250,10250
220.143.0.136,443,443
36.238.209.240,443,443
220.132.20.174,443,443
35.206.218.133,40001,40001
36.238.204.51,443,443
220.143.27.231,443,443
34.80.67.208,89,89
35.206.239.35,40001,40001
1.175.108.144,16078,16078
1.171.69.98,35559,35559
111.243.158.204,16098,16098
111.250.206.132,16003,16003
111.249.218.48,8080,8080
203.67.107.73,16052,16052
36.232.165.164,16053,16053
114.25.179.143,16054,16054
61.62.29.12,16055,16055
175.181.99.110,16055,16055
219.85.164.36,11965,11965
36.227.230.102,32746,32746
35.206.236.15,40001,40001
36.237.243.76,20512,20512
1.175.138.92,16057,16057
1.171.103.84,16000,16000
111.252.196.200,19090,19090
61.64.210.164,18802,18802
103.115.109.229,18802,18802
118.166.77.12,16081,16081
111.242.102.147,21236,21236
1.171.85.145,16060,16060
111.243.158.204,16060,16060
219.85.5.234,16060,16060
36.229.73.247,16004,16004
114.45.190.177,16094,16094
36.235.150.251,16094,16094
111.253.109.30,16099,16099
35.206.207.106,40000,40000
61.62.29.12,16044,16044
218.164.21.79,11001,11001
61.230.89.132,17070,17070
219.85.40.143,16005,16005
219.85.28.245,16005,16005
219.85.129.2,16071,16071
35.206.210.204,40000,40000
219.85.132.45,16093,16093
36.235.150.251,16042,16042
35.206.208.83,40000,40000
111.255.102.38,16043,16043
35.206.254.44,40000,40000
35.206.197.163,40000,40000
1.170.70.247,32400,32400
35.206.246.16,40000,40000
1.171.104.1,30005,30005
35.206.250.214,40000,40000
1.165.211.9,16083,16083
114.40.176.140,16083,16083
36.236.51.178,21290,21290
35.206.245.157,40001,40001
36.236.51.178,16031,16031
114.40.97.207,18065,18065
59.115.45.97,18065,18065
35.206.201.56,40000,40000
114.44.58.248,21280,21280
114.44.132.227,21247,21247
36.224.81.207,21311,21311
61.62.160.231,21307,21307
35.206.222.11,40000,40000
125.229.253.181,443,443
34.80.81.72,443,443
219.85.143.114,16039,16039
112.104.74.216,16021,16021
219.85.87.167,27015,27015
219.84.56.133,37215,37215
1.160.103.30,21288,21288
220.141.10.11,21320,21320
35.206.193.52,40000,40000
125.229.253.181,80,80
35.206.211.6,40000,40000
61.62.195.76,30452,30452
61.62.190.219,12300,12300
35.206.201.56,40001,40001
36.232.61.40,10443,10443
203.203.88.219,30327,30327
61.224.58.158,21316,21316
114.34.106.124,10443,10443
114.24.173.129,20000,20000
36.237.147.66,443,443
220.134.18.32,443,443
35.206.201.214,40001,40001
36.237.141.14,443,443
114.42.218.112,18016,18016
219.85.132.45,18016,18016
59.120.116.28,18016,18016
35.206.193.52,40001,40001
111.249.194.214,8080,8080
36.227.77.201,10002,10002
36.230.50.59,21253,21253
36.234.130.180,21319,21319
112.104.138.125,30473,30473
118.170.251.19,10000,10000
1.169.207.38,10443,10443
60.249.114.181,16022,16022
36.239.156.206,30120,30120
111.249.146.179,15084,15084
220.143.16.110,443,443
219.85.143.114,12552,12552
111.252.159.170,12432,12432
219.85.8.146,12476,12476
61.228.218.48,12515,12515
36.229.21.105,4443,4443
125.228.178.245,443,443
35.206.248.224,40001,40001
1.169.202.252,10443,10443
35.206.242.61,40001,40001
103.153.176.175,443,443
1.170.204.121,2087,2087
103.153.176.171,443,443
34.80.143.108,443,443
220.143.34.56,443,443
36.227.19.125,32771,32771
111.249.233.185,8080,8080
36.237.145.248,443,443
36.238.209.216,443,443
36.237.180.51,443,443
35.206.239.69,40001,40001
35.206.237.117,40001,40001
219.85.143.114,27015,27015
220.143.21.123,443,443
36.237.151.44,443,443
103.137.63.33,443,443
36.238.212.51,443,443
36.238.212.41,443,443
1.172.123.70,11001,11001
111.240.82.212,13722,13722
111.249.209.155,8080,8080
220.133.7.196,443,443
35.206.234.158,40001,40001
122.118.135.201,18086,18086
220.141.205.55,11290,11290
35.206.250.214,18443,18443
60.248.63.88,33890,33890
36.233.156.82,32771,32771
35.206.244.210,40001,40001
219.85.169.4,10162,10162
1.173.158.222,14147,14147
118.171.210.161,16992,16992
219.85.31.1,16010,16010
36.234.155.222,30005,30005
1.169.231.141,18081,18081
114.32.191.24,443,443
34.80.67.208,89,89
36.237.142.244,443,443
35.206.192.164,40001,40001
35.206.192.195,40001,40001
35.206.228.154,40000,40000
35.206.239.64,40000,40000
35.206.201.0,18443,18443
35.206.234.158,40000,40000
35.206.201.0,40001,40001
36.231.3.211,10255,10255
35.206.224.207,40000,40000
35.206.242.61,40000,40000
35.206.235.240,40000,40000
35.206.245.157,40000,40000
35.206.204.3,40000,40000
35.206.192.164,40000,40000
35.206.223.226,40000,40000
35.206.244.210,40000,40000
35.206.197.109,40000,40000
36.236.189.71,30048,30048
35.206.211.230,40000,40000
35.206.246.57,40000,40000
35.206.209.50,40000,40000
1.164.145.8,10000,10000
111.249.244.21,8080,8080
35.206.226.18,40000,40000
210.71.227.210,443,443
61.64.178.145,10000,10000
36.232.23.42,10443,10443
35.206.201.132,40000,40000
219.85.202.88,12345,12345
119.14.34.188,10554,10554
61.64.110.105,32771,32771
36.237.184.108,443,443
34.80.165.248,443,443
104.155.204.135,443,443
1.164.145.8,10218,10218
130.211.250.159,443,443
36.237.144.231,443,443
35.206.237.55,40000,40000
220.143.34.62,443,443
220.143.14.245,443,443
61.64.110.105,18080,18080
218.173.18.9,19150,19150
1.164.145.8,10002,10002
111.249.222.174,8080,8080
36.227.82.23,10002,10002
1.169.231.141,10443,10443
1.165.66.211,10000,10000
35.206.240.246,40001,40001
36.232.179.179,10002,10002
1.168.196.100,28080,28080
111.252.213.225,11965,11965
125.230.238.104,10238,10238
111.254.251.114,10005,10005
1.168.163.71,2087,2087
219.85.31.1,11423,11423
118.166.205.197,4443,4443
219.85.158.89,19999,19999
36.238.202.192,443,443
111.242.20.150,10238,10238
219.85.238.184,10255,10255
36.238.203.130,443,443
35.206.224.207,40001,40001
36.225.140.207,11290,11290
111.249.200.102,8080,8080
211.75.42.27,443,443
219.85.31.1,12345,12345
220.143.16.204,443,443
220.143.17.236,443,443
37.128.253.213,8443,8443
35.206.241.41,40000,40000
35.206.240.33,40000,40000
35.206.239.69,40000,40000
35.206.237.117,40000,40000
35.206.251.185,40000,40000
35.206.240.246,40000,40000
35.206.232.204,40000,40000
35.206.232.204,40001,40001
35.206.218.133,40000,40000
35.206.197.240,40000,40000
35.206.240.33,40001,40001
36.235.11.130,34599,34599
36.237.152.51,443,443
36.238.202.84,443,443
36.238.207.249,443,443
35.229.162.169,443,443
220.143.23.216,443,443
103.159.89.59,443,443
103.160.181.11,12345,12345
35.206.228.65,40000,40000
1.172.128.85,19150,19150
114.33.52.140,443,443
111.249.226.3,8080,8080
35.206.205.48,40000,40000
35.206.209.64,40000,40000
35.206.214.120,40000,40000
35.206.245.192,40000,40000
35.206.225.2,40000,40000
61.224.86.82,2052,2052
103.115.108.4,443,443
118.171.155.181,18086,18086
1.169.216.84,10443,10443
36.238.69.39,20202,20202
36.237.181.60,443,443
218.187.65.17,2087,2087
218.187.67.34,2087,2087
36.229.3.233,4443,4443
1.170.227.39,2087,2087
36.237.158.142,443,443
103.148.73.176,443,443
36.238.209.175,443,443
220.143.10.2,443,443
36.237.164.205,443,443
220.143.37.214,443,443
36.236.134.239,10096,10096
1.165.190.176,12000,12000
111.249.220.140,8080,8080
1.171.209.120,11371,11371
61.62.149.116,18001,18001
219.84.187.45,11211,11211
1.171.209.120,13720,13720
1.169.229.211,18081,18081
36.230.81.123,10912,10912
1.161.106.58,18054,18054
111.255.3.32,12568,12568
114.44.46.51,12264,12264
220.142.6.141,14825,14825
36.237.187.36,443,443
36.237.183.6,443,443
36.234.241.47,12275,12275
61.230.236.182,12544,12544
122.121.210.28,12277,12277
185.248.185.195,12273,12273
220.143.211.48,12374,12374
1.162.28.194,12374,12374
1.169.229.211,10443,10443
61.228.44.137,12145,12145
114.35.184.46,12183,12183
36.237.176.157,443,443
59.120.116.28,12180,12180
118.169.224.237,12278,12278
35.234.22.218,40000,40000
182.235.157.129,25010,25010
36.225.139.231,443,443
61.228.130.165,18047,18047
36.237.171.116,443,443
220.143.36.126,443,443
35.206.219.38,40000,40000
36.229.202.137,17000,17000
36.229.194.50,12419,12419
125.231.198.14,12338,12338
36.237.175.236,12166,12166
114.40.76.184,12377,12377
61.227.114.107,18069,18069
61.230.65.8,12324,12324
111.249.253.109,8080,8080
36.237.156.114,443,443
36.237.186.208,443,443
35.206.238.59,40000,40000
61.230.81.116,12199,12199
35.206.227.129,40000,40000
114.27.172.95,12456,12456
61.224.40.115,12383,12383
1.168.189.180,12359,12359
35.206.253.107,40000,40000
35.206.212.63,40000,40000
220.141.201.143,12361,12361
35.206.230.193,40000,40000
118.167.156.80,12587,12587
35.206.250.128,40000,40000
111.250.131.15,32771,32771
27.105.65.137,10001,10001
114.47.9.82,13720,13720
114.44.128.211,12540,12540
219.85.182.228,25084,25084
125.230.231.109,18051,18051
111.246.145.117,10443,10443
175.182.169.104,12302,12302
114.35.184.46,12344,12344
118.165.70.106,12472,12472
220.141.5.61,12539,12539
219.85.133.4,12539,12539
36.235.17.133,12498,12498
36.227.196.216,12152,12152
219.84.254.209,12574,12574
118.161.204.135,12574,12574
114.44.128.211,12532,12532
118.170.42.107,12195,12195
114.32.92.162,12195,12195
210.64.249.39,12197,12197
61.62.196.2,12534,12534
219.85.32.16,12492,12492
111.250.210.82,12448,12448
61.228.224.160,12453,12453
125.224.192.125,12550,12550
220.143.36.206,443,443
112.104.138.125,12550,12550
103.159.206.29,443,443
36.225.25.230,4443,4443
1.170.204.16,2087,2087
130.211.246.184,8001,8001
61.228.150.18,12491,12491
123.204.158.69,12491,12491
175.182.112.8,12153,12153
1.170.164.114,12163,12163
114.40.85.50,12495,12495
114.40.74.33,12191,12191
219.85.140.254,12553,12553
218.187.65.130,2087,2087
36.239.242.131,12247,12247
114.40.47.68,12408,12408
220.141.205.34,12408,12408
125.224.86.177,12408,12408
111.246.164.107,10443,10443
111.249.243.119,8080,8080
111.251.239.3,10443,10443
219.85.173.1,12139,12139
111.252.67.139,12287,12287
118.167.186.188,18100,18100
1.169.174.126,12428,12428
125.231.216.82,12135,12135
122.118.200.55,12435,12435
36.237.218.237,12533,12533
36.233.165.154,12161,12161
114.26.5.96,12424,12424
118.165.164.195,12155,12155
103.159.89.19,12558,12558
35.201.251.98,8880,8880
36.232.160.29,12148,12148
1.163.49.13,12410,12410
218.166.147.207,12581,12581
36.235.160.213,12337,12337
219.84.186.47,12470,12470
61.30.129.52,12316,12316
116.241.50.141,12262,12262
36.226.106.234,12365,12365
103.159.207.23,443,443
219.85.86.109,12352,12352
114.41.72.179,12177,12177
36.225.133.190,443,443
219.85.182.228,12239,12239
114.42.197.230,14104,14104
36.236.80.160,12284,12284
118.167.186.188,12263,12263
49.158.22.161,995,995
114.42.149.9,12314,12314
220.143.23.53,443,443
1.172.151.212,12314,12314
114.34.28.110,443,443
36.237.158.243,443,443
36.227.149.212,12430,12430
36.238.212.6,443,443
1.170.21.126,12140,12140
219.84.11.22,12140,12140
1.161.71.26,18066,18066
36.230.27.178,12397,12397
1.175.46.23,12447,12447
1.165.128.109,12589,12589
118.171.151.175,12431,12431
1.164.72.108,30037,30037
220.134.107.199,12106,12106
114.36.226.153,12313,12313
219.84.59.236,10065,10065
114.40.75.104,11007,11007
36.227.149.212,12325,12325
111.242.245.6,12112,12112
114.40.45.233,12403,12403
36.232.19.227,12403,12403
111.249.217.70,8080,8080
220.143.13.71,443,443
36.231.198.180,12413,12413
35.206.244.243,40000,40000
219.85.145.241,12000,12000
219.84.50.2,12221,12221
35.206.204.100,40000,40000
111.241.111.238,12318,12318
35.206.221.39,40000,40000
35.206.233.162,40000,40000
36.228.221.235,12567,12567
35.206.244.5,40000,40000
35.206.235.138,40000,40000
61.227.211.191,12518,12518
125.231.196.59,12518,12518
118.167.164.149,12110,12110
210.209.180.213,12110,12110
111.241.111.238,12110,12110
112.104.167.63,12110,12110
1.170.68.114,12182,12182
35.206.249.40,40000,40000
35.206.195.1,40000,40000
175.182.40.43,12230,12230
61.224.123.158,12108,12108
125.231.196.59,12214,12214
112.104.138.125,12111,12111
219.85.40.94,12111,12111
35.206.251.191,40000,40000
36.233.208.145,12131,12131
36.237.227.6,12131,12131
114.25.155.78,12131,12131
118.166.84.110,18003,18003
219.85.175.108,12291,12291
1.163.146.143,10000,10000
218.172.66.159,443,443
1.175.40.85,12502,12502
61.224.157.155,16104,16104
36.233.216.126,16104,16104
111.246.62.1,2082,2082
1.161.181.85,12202,12202
122.118.146.192,2052,2052
36.235.119.3,29876,29876
1.175.67.230,10554,10554
1.163.146.143,11300,11300
111.246.60.115,2095,2095
111.243.69.19,12326,12326
36.235.119.3,12326,12326
111.243.101.74,16000,16000
218.166.136.74,10002,10002
36.237.128.221,443,443
122.118.146.192,2095,2095
36.238.204.109,443,443
36.238.204.122,443,443
219.85.92.161,16010,16010
1.164.10.199,17779,17779
59.120.131.2,443,443
211.21.20.90,80,80
218.187.66.254,2087,2087
111.249.228.19,8080,8080
1.169.97.34,27015,27015
36.225.53.100,4443,4443
111.251.64.182,12341,12341
60.249.114.181,10244,10244
1.169.217.238,10443,10443
35.229.136.103,12308,12308
122.116.65.26,17780,17780
61.227.50.153,16102,16102
36.234.129.183,12320,12320
114.46.186.176,16404,16404
108.165.144.42,8443,8443
114.40.174.1,17184,17184
114.42.39.111,20107,20107
36.224.203.236,20107,20107
61.64.177.209,15504,15504
111.246.33.197,20208,20208
36.228.99.9,18040,18040
36.237.138.52,443,443
36.238.197.68,443,443
36.238.194.129,443,443
219.85.28.200,11082,11082
1.171.77.59,12342,12342
36.235.10.207,18105,18105
36.238.212.12,443,443
36.238.192.153,443,443
220.143.23.107,443,443
36.237.137.235,443,443
61.224.2.18,12508,12508
61.230.223.86,12505,12505
61.223.205.117,12505,12505
114.39.140.109,18103,18103
108.165.145.187,12222,12222
1.164.110.65,12222,12222
220.143.22.61,443,443
1.165.247.178,30027,30027
36.238.212.59,443,443
36.238.212.60,443,443
36.230.205.76,19091,19091
36.228.133.221,19080,19080
27.105.97.186,18012,18012
35.206.225.247,40000,40000
35.206.201.0,40000,40000
35.206.192.61,40000,40000
35.206.196.185,40000,40000
35.206.218.82,40000,40000
122.118.149.249,2082,2082
36.237.210.16,22084,22084
111.249.253.35,8080,8080
112.104.97.9,10084,10084
36.231.0.93,21082,21082
61.228.159.38,18246,18246
36.236.213.130,10443,10443
114.36.229.48,20201,20201
1.34.36.66,12356,12356
111.246.45.191,2082,2082
36.237.150.131,443,443
36.238.212.40,443,443
36.238.212.54,443,443
111.246.45.191,2052,2052
118.160.192.45,10134,10134
122.117.62.178,10026,10026
61.224.116.137,2086,2086
111.246.45.191,2086,2086
111.249.219.12,8080,8080
36.238.195.46,443,443
36.229.7.93,4443,4443
220.228.144.160,3000,3000
220.228.144.159,3000,3000
36.229.7.93,18443,18443
220.143.28.155,443,443
61.224.67.244,2095,2095
111.246.21.11,2086,2086
218.187.64.32,2087,2087
36.225.33.88,4443,4443
36.238.211.93,443,443
114.32.101.131,65000,65000
36.232.151.129,18181,18181
36.228.128.6,10083,10083
35.206.240.170,80,80
35.206.205.207,443,443
35.206.240.170,80,80
35.229.254.165,8443,8443
36.238.197.93,443,443
36.237.147.251,443,443
220.143.31.82,443,443
36.238.206.230,443,443
114.34.106.124,18443,18443
36.238.216.88,443,443
36.237.136.226,443,443
36.238.196.1,443,443
36.238.199.189,443,443
35.206.221.132,40000,40000
35.206.203.164,40000,40000
35.206.229.137,40000,40000
36.235.104.147,29876,29876
111.246.20.211,2082,2082
111.246.20.211,2052,2052
36.238.211.151,443,443
36.238.210.231,443,443
104.199.137.60,443,443
220.143.35.70,443,443
103.98.74.147,443,443
220.143.30.130,443,443
36.238.211.158,443,443
111.246.19.4,2052,2052
211.22.33.1,443,443
220.228.144.158,3000,3000
36.236.213.14,10443,10443
61.227.151.127,10000,10000
111.246.19.4,2086,2086
122.118.164.35,2086,2086
36.225.29.212,4443,4443
111.246.21.246,2086,2086
122.118.164.35,2095,2095
36.237.190.115,443,443
61.231.21.179,443,443
36.237.150.212,443,443
220.143.18.9,443,443
36.237.144.71,443,443
111.249.220.187,8080,8080
35.194.198.249,3341,3341
114.40.14.86,10332,10332
111.248.134.68,10554,10554
35.234.9.107,8443,8443
111.249.200.209,8080,8080
36.224.218.157,23023,23023
35.234.17.188,443,443
35.206.245.46,443,443
35.206.254.88,40000,40000
35.206.239.28,40000,40000
35.206.231.22,40000,40000
1.175.184.24,30005,30005
35.206.233.170,40000,40000
35.206.240.231,40000,40000
35.206.197.3,40000,40000
220.143.29.112,443,443
36.238.194.241,443,443
35.206.249.250,40000,40000
35.206.231.125,40000,40000
35.206.227.254,40000,40000
36.238.203.100,443,443
220.143.19.146,443,443
35.206.218.124,40000,40000
36.237.131.51,443,443
35.206.225.8,40000,40000
35.206.224.123,40000,40000
35.206.208.140,40000,40000
111.249.253.143,8080,8080
220.143.203.188,10001,10001
36.236.247.141,10443,10443
35.236.176.169,25565,25565
61.228.210.81,20202,20202
1.162.157.73,10002,10002
36.229.0.33,4443,4443
114.47.148.149,29999,29999
103.24.53.42,80,80
35.229.226.245,443,443
103.175.194.123,80,80
61.231.59.152,443,443
36.237.164.249,443,443
34.80.200.113,443,443
36.237.167.3,443,443
61.231.59.152,80,80
111.249.230.45,8080,8080
35.201.191.183,8880,8880
140.112.93.111,10912,10912
43.251.56.157,80,80
111.249.241.28,12300,12300
103.24.52.157,80,80
1.169.84.26,27015,27015
118.167.172.171,23791,23791
1.174.29.16,10443,10443
114.39.82.121,10332,10332
220.143.11.158,443,443
36.238.202.51,443,443
1.174.18.49,32400,32400
36.237.169.103,443,443
35.206.200.163,40000,40000
103.24.55.78,80,80
35.206.224.39,40000,40000
103.24.53.124,80,80
35.206.224.170,40000,40000
103.24.55.51,80,80
43.251.57.124,80,80
220.143.34.132,443,443
103.61.139.36,443,443
35.206.235.31,40000,40000
35.206.213.186,40000,40000
1.163.132.242,10102,10102
111.249.212.10,8080,8080
35.206.248.155,40000,40000
35.206.243.122,40000,40000
35.206.205.169,40000,40000
35.206.242.126,40000,40000
35.206.236.125,40000,40000
35.206.192.110,40000,40000
35.206.216.151,40000,40000
35.206.193.106,40000,40000
35.206.242.29,40000,40000
35.206.219.66,40000,40000
61.228.208.10,20202,20202
35.194.167.54,57779,57779
36.236.184.147,10443,10443
36.225.54.18,4443,4443
114.44.86.110,10002,10002
61.227.66.241,10443,10443
220.143.215.47,10001,10001
103.161.7.110,80,80
43.251.56.187,80,80
103.24.52.187,80,80
61.231.61.5,443,443
123.204.51.34,6000,6000
108.165.145.72,443,443
36.237.146.206,443,443
220.143.37.148,443,443
1.169.125.126,27015,27015
111.249.247.71,8080,8080
36.236.178.58,26214,26214
35.206.224.220,54321,54321
218.187.65.27,12345,12345
111.241.86.144,10134,10134
220.135.37.112,81,81
220.141.96.121,12300,12300
27.105.105.244,16922,16922
114.39.103.122,10332,10332
1.171.120.32,10049,10049
108.165.145.84,443,443
111.253.220.101,18888,18888
43.251.56.60,80,80
36.237.161.107,443,443
36.237.135.55,443,443
36.237.151.167,443,443
35.206.206.49,443,443
218.187.65.55,12345,12345
35.206.239.15,40000,40000
35.206.238.247,40000,40000
35.206.198.13,40000,40000
35.206.203.49,40000,40000
35.206.198.88,40000,40000
111.249.224.165,8080,8080
35.206.223.222,40000,40000
35.206.241.148,40000,40000
35.206.241.79,40000,40000
125.229.143.152,37080,37080
35.206.237.223,40000,40000
35.206.254.203,40000,40000
35.206.201.85,40000,40000
35.206.201.189,40000,40000
35.206.231.41,40000,40000
35.206.229.189,40000,40000
35.206.246.54,40000,40000
35.206.250.44,40000,40000
35.206.245.60,40000,40000
35.206.244.28,40000,40000
35.206.223.57,40000,40000
35.229.198.51,8443,8443
1.170.144.244,33389,33389
35.206.248.54,40000,40000
35.206.247.14,40000,40000
36.238.221.53,443,443
35.206.210.109,40000,40000
45.206.58.127,2053,2053
36.230.8.220,31001,31001
103.135.118.123,80,80
1.169.245.234,30444,30444
36.237.203.8,30443,30443
1.162.166.98,10002,10002
111.242.53.97,30101,30101
114.36.250.53,30027,30027
1.174.9.110,10443,10443
36.236.137.233,30013,30013
1.168.132.226,18080,18080
123.204.216.70,30006,30006
36.231.180.82,30000,30000
111.250.148.21,30003,30003
118.165.140.201,27571,27571
36.236.236.222,10443,10443
114.41.195.244,25008,25008
103.24.52.60,80,80
220.136.208.121,25005,25005
61.231.31.52,80,80
34.80.195.159,443,443
220.143.32.130,443,443
220.143.13.36,443,443
1.175.182.199,24082,24082
37.128.253.113,443,443
61.231.31.52,443,443
219.85.130.40,22084,22084
111.249.195.15,8080,8080
59.115.12.117,21329,21329
103.115.108.85,30001,30001
114.27.33.249,21322,21322
1.172.137.101,29999,29999
218.187.85.140,21306,21306
60.248.63.88,21305,21305
36.236.179.6,21305,21305
35.189.161.253,8443,8443
118.171.143.109,21274,21274
114.34.75.229,21273,21273
1.174.9.120,21272,21272
36.229.205.10,21271,21271
218.187.66.166,12345,12345
118.171.224.16,21259,21259
111.249.220.105,21254,21254
111.246.167.135,21249,21249
61.224.67.161,21241,21241
103.224.92.3,21237,21237
1.171.25.127,21231,21231
140.112.91.61,21200,21200
1.160.119.106,21082,21082
175.182.36.80,21082,21082
61.220.128.223,81,81
122.121.210.81,20100,20100
61.231.56.179,443,443
36.237.181.144,443,443
36.226.70.234,20018,20018
114.39.93.75,20010,20010
36.237.187.33,443,443
35.229.248.119,443,443
220.143.17.95,443,443
60.244.224.14,20001,20001
1.160.249.9,20001,20001
114.34.106.124,19776,19776
36.239.140.61,19080,19080
36.235.23.115,18802,18802
36.236.247.225,18802,18802
36.225.16.50,18443,18443
114.27.18.77,18112,18112
114.43.202.86,18107,18107
61.223.200.194,18098,18098
118.170.157.44,18098,18098
35.206.209.158,40000,40000
35.206.244.151,40000,40000
35.206.192.193,40000,40000
35.206.246.192,40000,40000
35.206.241.116,40000,40000
35.206.206.6,40000,40000
35.206.205.212,40000,40000
125.229.143.152,18087,18087
1.164.137.26,18085,18085
104.199.242.12,443,443
36.237.132.250,443,443
61.231.56.179,80,80
103.24.55.35,80,80
103.24.55.48,80,80
1.171.9.2,18245,18245
1.162.155.118,10002,10002
37.128.253.226,443,443
220.143.32.203,443,443
220.228.144.173,80,80
34.80.136.246,443,443
34.80.136.246,443,443
220.228.144.172,80,80
220.143.7.239,443,443
36.237.141.129,443,443
36.236.231.234,10443,10443
35.236.171.248,443,443
45.121.50.196,443,443
36.237.143.152,443,443
1.161.92.206,18066,18066
114.26.87.67,18064,18064
36.224.96.143,18063,18063
61.224.19.244,18060,18060
1.174.232.112,18059,18059
123.204.134.141,18055,18055
36.225.49.140,4443,4443
114.42.32.198,10911,10911
175.182.36.80,10073,10073
218.187.71.47,12345,12345
111.242.223.225,18030,18030
1.164.110.90,18028,18028
1.164.18.194,18028,18028
111.251.66.14,18027,18027
220.143.4.235,18025,18025
1.165.69.184,18023,18023
36.234.185.18,18022,18022
103.153.176.67,443,443
114.46.162.13,18012,18012
1.34.36.66,17776,17776
1.164.160.113,17773,17773
111.248.8.66,17102,17102
1.161.14.65,17070,17070
218.172.15.138,17010,17010
61.224.82.101,16667,16667
114.34.106.124,16443,16443
114.36.210.131,16316,16316
118.150.184.195,16100,16100
118.160.54.171,16098,16098
1.165.36.192,16079,16079
220.136.128.232,16077,16077
1.172.73.123,16065,16065
36.233.155.84,16064,16064
111.253.158.98,16060,16060
175.181.96.157,16055,16055
61.231.2.74,443,443
1.171.36.36,18245,18245
36.238.211.208,443,443
114.27.28.137,16052,16052
220.143.1.217,443,443
36.238.211.161,443,443
220.143.25.142,443,443
118.169.233.87,11371,11371
111.255.121.179,16043,16043
34.80.84.234,8443,8443
114.25.154.188,16033,16033
220.141.25.97,16033,16033
59.115.51.12,16032,16032
111.249.222.115,8080,8080
36.233.162.5,16022,16022
220.136.198.36,16008,16008
1.163.217.183,16006,16006
111.246.128.133,12300,12300
61.231.2.74,80,80
1.171.211.96,15044,15044
118.169.5.157,15018,15018
1.171.91.33,15002,15002
220.135.22.100,15001,15001
125.229.143.152,11310,11310
36.239.108.119,14895,14895
111.253.219.211,14875,14875
125.227.158.218,14875,14875
35.206.246.166,40000,40000
35.234.17.219,2053,2053
61.228.141.208,14406,14406
1.165.98.243,14184,14184
111.249.209.186,14084,14084
35.206.202.185,40000,40000
36.236.196.79,26214,26214
111.250.102.113,12615,12615
175.180.104.30,32768,32768
36.231.223.41,12582,12582
118.165.201.98,12581,12581
114.24.153.198,12581,12581
36.228.147.104,12580,12580
1.160.216.182,12576,12576
61.230.89.252,12576,12576
125.229.143.152,12575,12575
111.249.138.26,12574,12574
111.246.16.137,26470,26470
36.236.115.169,12573,12573
1.171.213.241,12572,12572
175.180.104.30,12571,12571
1.170.24.221,12570,12570
36.231.206.240,12569,12569
49.158.3.5,12567,12567
36.226.183.230,12566,12566
125.230.211.233,12565,12565
61.228.171.233,12558,12558
1.164.112.160,12550,12550
61.231.3.164,80,80
36.236.234.80,12544,12544
220.141.18.213,12539,12539
36.237.163.23,443,443
1.171.107.174,12536,12536
36.228.147.104,12530,12530
1.165.238.232,12522,12522
111.249.247.192,8080,8080
1.160.73.106,12519,12519
1.161.52.45,12519,12519
114.42.169.79,12518,12518
1.162.161.98,10002,10002
1.174.10.1,10443,10443
1.163.116.114,12508,12508
1.160.22.92,12508,12508
36.236.207.74,10443,10443
36.230.225.5,18080,18080
36.226.180.134,12503,12503
118.170.70.249,12501,12501
106.105.3.212,25565,25565
37.128.253.213,10002,10002
122.121.201.158,12494,12494
114.40.1.164,12491,12491
220.135.22.100,12488,12488
36.237.163.74,443,443
118.168.132.172,12487,12487
61.231.3.164,443,443
122.118.39.164,12486,12486
36.229.15.133,4443,4443
220.143.28.70,443,443
111.254.85.239,12481,12481
36.227.60.198,12478,12478
114.34.220.134,12476,12476
36.233.56.21,12474,12474
1.164.172.150,12471,12471
118.170.81.215,12470,12470
36.237.180.33,443,443
1.174.23.237,12466,12466
35.234.17.219,8443,8443
125.229.143.152,12465,12465
103.148.72.92,8443,8443
114.42.35.211,12458,12458
123.204.134.141,12452,12452
118.170.81.215,12449,12449
175.182.36.80,12448,12448
111.249.227.207,8080,8080
59.115.193.171,12439,12439
36.229.71.120,12437,12437
114.39.168.217,12434,12434
1.161.22.236,12431,12431
36.227.67.159,12423,12423
36.234.109.40,14265,14265
1.165.175.13,12418,12418
1.161.22.236,12415,12415
114.35.184.46,32773,32773
114.45.7.200,12410,12410
111.248.0.160,12407,12407
116.241.50.141,10912,10912
36.232.14.126,12403,12403
1.172.130.150,29999,29999
118.167.180.179,23791,23791
36.237.2.226,12397,12397
220.132.74.19,12396,12396
125.228.58.188,12392,12392
61.231.8.63,80,80
61.71.0.167,10909,10909
35.221.243.84,443,443
36.238.199.177,443,443
211.74.245.237,12370,12370
36.237.145.189,443,443
220.143.39.205,443,443
104.199.210.221,443,443
111.249.227.125,8080,8080
36.226.245.237,12300,12300
35.221.215.38,443,443
111.249.237.78,8080,8080
35.206.210.21,8880,8880
35.221.243.203,443,443
45.121.50.21,443,443
35.206.212.6,40000,40000
61.231.26.111,80,80
118.169.241.66,11371,11371
35.185.156.62,443,443
35.201.184.218,443,443
35.187.155.6,443,443
35.221.243.167,443,443
36.237.141.15,443,443
61.231.26.111,443,443
36.238.202.67,443,443
35.234.43.223,443,443
111.249.202.115,8080,8080
36.230.220.221,18080,18080
36.227.143.83,34567,34567
36.229.27.67,4443,4443
1.172.143.9,12360,12360
1.161.14.137,12360,12360
203.73.171.4,10002,10002
1.174.0.140,10443,10443
111.249.242.173,8080,8080
35.201.219.89,12346,12346
118.150.184.195,12344,12344
60.248.97.58,12343,12343
118.171.148.48,12341,12341
220.143.191.19,12336,12336
61.228.153.104,12332,12332
1.34.36.66,12329,12329
220.135.22.100,12323,12323
43.251.56.124,80,80
1.161.116.141,12319,12319
125.231.220.84,12314,12314
140.112.93.111,10255,10255
36.233.214.15,12311,12311
36.236.188.176,12311,12311
125.230.15.142,12310,12310
220.143.11.153,12309,12309
114.39.104.203,12302,12302
36.234.12.251,12292,12292
36.235.90.115,12291,12291
114.36.209.31,12290,12290
36.233.214.15,12286,12286
1.173.58.24,12281,12281
1.169.67.33,12278,12278
106.104.38.6,12275,12275
219.85.35.180,12275,12275
111.242.24.198,12272,12272
1.175.223.51,10255,10255
111.243.103.39,12269,12269
1.174.30.186,12264,12264
1.168.165.217,12261,12261
111.249.235.191,8080,8080
36.228.99.139,12257,12257
111.243.139.38,12255,12255
220.141.12.90,12254,12254
36.228.3.104,12252,12252
61.231.46.178,80,80
114.34.220.134,12248,12248
114.43.158.184,12245,12245
35.206.240.37,8880,8880
111.250.96.191,12239,12239
114.43.1.205,12237,12237
35.221.237.177,443,443
125.228.241.52,12236,12236
1.171.217.23,12236,12236
36.238.214.205,443,443
111.249.71.125,12227,12227
59.115.147.173,12226,12226
122.116.61.138,81,81
114.39.112.196,12217,12217
36.239.195.245,12216,12216
114.42.185.1,12214,12214
111.249.213.39,8080,8080
220.143.8.112,443,443
122.118.21.100,12207,12207
35.234.28.199,443,443
220.136.216.172,12199,12199
1.165.14.14,12195,12195
220.143.22.227,443,443
36.233.195.74,12195,12195
114.40.85.145,12191,12191
122.121.29.29,12189,12189
1.170.147.19,12182,12182
220.143.38.233,12181,12181
175.181.189.229,12179,12179
203.69.248.40,12171,12171
122.118.21.100,12168,12168
220.142.82.175,12164,12164
106.105.3.217,12163,12163
36.234.49.12,12162,12162
111.241.79.210,12140,12140
36.224.86.96,12139,12139
36.230.224.238,12139,12139
36.238.72.209,12136,12136
36.237.247.55,12131,12131
36.230.16.253,12131,12131
220.135.66.143,12130,12130
1.175.228.219,12126,12126
36.228.89.174,12125,12125
125.230.6.35,12125,12125
59.125.53.15,12114,12114
220.141.203.46,10030,10030
114.27.19.238,12112,12112
218.166.192.137,12111,12111
35.206.242.142,40000,40000
35.206.215.137,40000,40000
35.206.242.103,40000,40000
35.206.250.126,40000,40000
35.206.196.78,40000,40000
35.206.196.134,40000,40000
35.206.221.71,40000,40000
35.206.200.247,40000,40000
60.248.97.58,12001,12001
35.206.231.120,40000,40000
35.206.203.254,40000,40000
35.206.251.1,40000,40000
35.206.222.238,40000,40000
35.206.213.179,40000,40000
103.127.243.132,11443,11443
35.206.214.171,40000,40000
35.206.226.25,40000,40000
35.206.214.74,40000,40000
35.206.239.135,40000,40000
35.206.244.171,40000,40000
114.27.65.106,11082,11082
35.206.245.210,40000,40000
61.231.34.56,80,80
35.206.254.37,40000,40000
35.206.203.24,40000,40000
42.0.118.176,11000,11000
220.143.24.231,443,443
35.201.228.212,443,443
220.143.24.108,443,443
36.237.141.23,443,443
35.206.225.48,443,443
103.135.118.27,80,80
118.171.146.124,10894,10894
36.237.164.124,443,443
211.22.205.229,10477,10477
111.252.78.107,10398,10398
1.165.193.161,10398,10398
1.170.57.10,10393,10393
114.39.65.212,10380,10380
114.47.71.24,10380,10380
1.163.215.157,10348,10348
111.249.202.241,8080,8080
35.206.217.158,40000,40000
114.34.220.134,10240,10240
219.85.252.244,10240,10240
35.206.247.19,40000,40000
103.115.109.79,10210,10210
35.206.195.60,40000,40000
35.206.211.248,40000,40000
35.206.232.236,40000,40000
114.34.220.134,10200,10200
35.206.200.233,40000,40000
35.206.235.137,40000,40000
114.34.220.134,10084,10084
111.255.30.9,10084,10084
111.243.1.64,34567,34567
111.255.239.79,10048,10048
111.250.208.188,10041,10041
36.234.139.46,10039,10039
104.155.199.211,443,443
61.230.86.23,10031,10031
111.250.173.142,10031,10031
36.225.11.250,4443,4443
111.246.120.94,10028,10028
111.248.89.32,10024,10024
1.163.66.50,10022,10022
175.182.183.13,10022,10022
112.104.149.138,10021,10021
59.125.53.15,10020,10020
108.165.145.36,443,443
125.228.241.52,10011,10011
35.236.177.203,443,443
1.171.49.123,10008,10008
114.44.14.108,10008,10008
36.230.225.158,18080,18080
114.34.202.224,10004,10004
1.174.9.58,10443,10443
35.221.159.149,9993,9993
1.175.207.240,10255,10255
150.117.240.200,10162,10162
61.231.36.215,80,80
36.237.159.125,443,443
36.237.166.78,443,443
111.243.10.151,34567,34567
1.175.223.98,10030,10030
111.249.243.230,8080,8080
218.173.131.84,22335,22335
34.80.136.246,443,443
118.165.204.66,27017,27017
111.249.225.201,8080,8080
220.143.33.149,443,443
1.175.206.111,10030,10030
104.199.204.10,443,443
36.238.199.169,443,443
220.143.14.49,443,443
34.80.252.27,443,443
36.237.178.187,443,443
220.133.27.61,8055,8055
1.175.218.1,10030,10030
111.249.197.216,8080,8080
43.251.57.133,80,80
1.174.9.235,10443,10443
118.166.199.17,4443,4443
61.231.44.166,80,80
1.168.241.197,10000,10000
220.133.27.61,2055,2055
1.175.163.222,32769,32769
103.24.53.133,80,80
36.238.205.141,443,443
61.231.44.166,443,443
36.237.145.61,443,443
1.174.8.222,30003,30003
114.24.141.137,30050,30050
36.237.172.195,443,443
36.237.179.51,443,443
111.249.252.203,8080,8080
111.249.187.205,32769,32769
203.69.248.40,14147,14147
35.194.242.15,60002,60002
111.249.193.212,8080,8080
61.231.3.83,443,443
36.237.152.140,443,443
104.199.244.117,443,443
36.237.179.130,443,443
60.249.94.200,443,443
36.238.212.119,443,443
111.249.253.59,8080,8080
220.143.36.185,443,443
61.231.29.146,443,443
103.159.207.8,443,443
220.141.171.58,10030,10030
36.237.171.137,443,443
36.233.26.173,12000,12000
104.199.163.126,443,443
1.174.11.215,10443,10443
36.225.16.208,4443,4443
103.115.108.49,30001,30001
36.237.156.95,443,443
104.199.222.173,443,443
36.237.146.228,443,443
111.249.215.177,8080,8080
111.249.220.44,12300,12300
36.236.20.172,25010,25010
111.249.200.17,8080,8080
220.143.7.73,443,443
36.238.202.167,443,443
36.238.213.199,443,443
61.231.44.41,443,443
104.199.224.135,443,443
104.199.176.90,443,443
220.129.131.54,11371,11371
111.249.253.61,12300,12300
220.143.17.233,443,443
111.249.237.139,8080,8080
1.175.208.104,10030,10030
27.96.252.92,10080,10080
111.249.34.166,4443,4443
36.225.30.240,4443,4443
36.238.197.63,443,443
61.231.26.112,443,443
36.237.175.192,443,443
220.143.36.28,443,443
111.240.129.180,20201,20201
114.36.202.95,10000,10000
111.249.241.36,8080,8080
35.201.242.31,8001,8001
36.238.196.122,443,443
36.237.176.36,443,443
36.237.149.117,443,443
36.237.135.81,443,443
111.249.195.76,8080,8080
114.42.38.200,18086,18086
111.249.236.183,8080,8080
35.201.241.183,8443,8443
36.236.38.109,25010,25010
111.246.42.18,26470,26470
35.185.173.84,443,443
111.249.224.144,12300,12300
38.54.107.168,443,443
35.201.140.228,443,443
103.159.207.43,443,443
35.201.156.99,443,443
37.128.253.225,443,443
111.249.239.140,8080,8080
220.129.129.120,11371,11371
1.172.209.91,10005,10005
111.240.155.1,16010,16010
152.32.167.50,443,443
103.153.176.71,443,443
112.104.138.125,10243,10243
220.129.143.145,11371,11371
111.251.97.62,1000,1000
36.238.215.7,443,443
159.100.205.131,8880,8880
220.143.41.96,443,443
220.143.18.135,443,443
111.249.229.183,8080,8080
159.100.205.131,80,80
159.100.205.131,2082,2082
159.100.205.131,2083,2083
159.100.205.131,2052,2052
159.100.205.131,8080,8080
203.69.251.53,443,443
111.249.246.81,8080,8080
159.100.205.131,2053,2053
159.100.205.131,2086,2086
220.143.41.156,443,443
103.98.74.136,443,443
35.189.176.179,443,443
36.225.17.21,4443,4443
111.249.195.238,8080,8080
35.229.152.142,20000,20000
103.115.108.184,10001,10001
220.136.133.124,14534,14534
34.80.130.102,2233,2233
220.141.178.136,10030,10030
61.231.13.238,443,443
36.237.191.193,443,443
35.206.228.179,443,443
36.238.201.95,443,443
111.249.201.236,8080,8080
103.156.185.242,8880,8880
122.116.99.115,28080,28080
175.181.185.239,20880,20880
175.181.102.203,32412,32412
122.117.150.13,37215,37215
35.221.212.2,30005,30005
36.238.217.233,443,443
36.238.213.226,443,443
220.143.29.26,443,443
111.249.243.131,8080,8080
165.154.133.165,8443,8443
103.115.108.165,10001,10001
35.221.212.2,8000,8000
175.182.27.178,28080,28080
175.182.35.18,22222,22222
175.182.35.18,32770,32770
103.24.53.84,80,80
122.117.150.13,35153,35153
35.229.236.235,443,443
220.143.23.134,443,443
118.167.163.68,443,443
34.80.23.54,443,443
104.199.224.41,443,443
118.167.155.218,443,443
34.80.194.221,443,443
36.237.165.253,443,443
104.155.199.211,443,443
111.249.228.145,8080,8080
111.249.200.110,8080,8080
35.206.198.46,8880,8880
35.206.238.133,8880,8880
34.80.187.189,8880,8880
203.69.248.40,15038,15038
36.237.141.91,14880,14880
111.249.211.87,8080,8080
59.125.207.181,10398,10398
43.251.57.84,80,80
61.231.10.93,443,443
36.238.209.156,443,443
118.167.177.168,443,443
220.143.5.61,443,443
219.85.124.106,10240,10240
34.80.157.249,443,443
35.185.172.180,443,443
118.167.190.62,443,443
35.194.251.255,443,443
35.221.193.169,443,443
35.201.159.203,443,443
103.115.108.128,50001,50001
103.115.108.209,50001,50001
35.194.139.86,30005,30005
111.249.207.190,8080,8080
61.228.147.69,4433,4433
36.239.247.67,13228,13228
1.173.155.131,10399,10399
101.101.101.101,443,443
159.100.205.131,2087,2087
34.80.207.105,8443,8443
220.141.96.32,8080,8080
35.194.139.86,8000,8000
61.231.50.172,80,80
103.24.52.124,80,80
118.167.164.38,443,443
61.231.50.172,443,443
220.143.20.253,443,443
118.167.154.191,443,443
34.80.114.52,443,443
220.143.33.151,443,443
35.229.191.119,443,443
35.221.201.26,443,443
36.238.216.250,443,443
104.199.155.122,8880,8880
36.238.215.226,443,443
36.237.146.42,443,443
61.231.37.23,80,80
36.225.221.117,30013,30013
36.230.230.248,19233,19233
36.237.158.33,443,443
220.133.211.224,19902,19902
34.80.95.77,443,443
220.143.28.218,443,443
36.237.183.5,443,443
220.143.5.174,443,443
60.251.152.8,32900,32900
60.251.152.8,22832,22832
36.237.135.189,443,443
60.251.152.8,27240,27240
60.251.152.8,21952,21952
35.201.190.78,443,443
60.251.152.8,38124,38124
60.251.152.8,37938,37938
60.251.152.8,20573,20573
60.251.152.8,14393,14393
60.251.152.8,38338,38338
60.251.152.8,11826,11826
35.201.173.126,2053,2053
111.249.202.5,8080,8080
103.106.230.194,2053,2053
35.229.245.20,45939,45939
220.141.192.215,10030,10030
36.237.171.30,14880,14880
220.143.222.39,14403,14403
36.226.147.230,4433,4433
159.100.205.131,2096,2096
61.231.35.122,80,80
35.229.166.184,80,80
122.117.150.13,10443,10443
36.238.213.107,443,443
36.238.213.120,443,443
45.150.242.74,443,443
61.231.35.122,443,443
220.143.4.84,443,443
36.237.165.70,443,443
118.161.137.240,10249,10249
1.162.70.182,10249,10249
111.249.231.223,8080,8080
111.249.226.45,8080,8080
103.106.230.194,8443,8443
34.80.180.213,8443,8443
114.26.24.249,12001,12001
118.166.8.206,11686,11686
36.225.51.129,28443,28443
111.249.226.107,8080,8080
103.137.63.205,31564,31564
36.225.10.231,28443,28443
35.206.251.45,443,443
36.237.129.91,443,443
36.238.206.73,443,443
61.231.54.237,443,443
61.231.54.237,80,80
111.249.206.219,8080,8080
36.238.218.245,443,443
159.100.205.131,443,443
38.54.107.117,443,443
159.100.205.131,8443,8443
61.228.6.234,12345,12345
220.143.33.183,443,443
159.100.205.131,2095,2095
61.228.162.140,4433,4433
61.231.38.97,80,80
35.221.200.235,443,443
35.194.187.66,443,443
111.255.51.190,10030,10030
36.224.231.98,33333,33333
220.143.32.3,443,443
35.206.196.105,443,443
103.115.108.107,30001,30001
36.237.163.121,443,443
175.181.179.84,19014,19014
61.230.237.197,31444,31444
182.155.90.66,18368,18368
61.228.212.207,18368,18368
35.229.161.32,443,443
35.229.161.32,443,443
36.237.189.165,443,443
36.237.183.204,443,443
61.231.39.137,443,443
111.249.237.213,8080,8080
114.24.195.218,10040,10040
114.24.78.251,10034,10034
114.24.78.251,10014,10014
36.237.187.197,443,443
36.237.210.186,12980,12980
220.142.4.1,12980,12980
220.143.9.128,443,443
36.237.153.202,443,443
36.228.160.38,25007,25007
220.133.227.253,10035,10035
103.188.120.82,80,80
61.231.34.89,443,443
35.185.142.181,443,443
61.231.34.89,80,80
36.238.198.160,443,443
59.126.217.248,443,443
220.143.18.231,443,443
35.206.246.14,443,443
34.80.196.200,443,443
103.188.121.150,80,80
114.43.17.219,14265,14265
111.255.56.28,10030,10030
175.182.24.148,20201,20201
1.162.22.66,10443,10443
220.137.67.11,26470,26470
182.155.90.66,18246,18246
106.105.73.93,11602,11602
118.167.161.192,10003,10003
61.231.43.205,80,80
220.143.11.113,443,443
220.143.1.37,443,443
36.237.178.16,443,443
34.80.133.158,443,443
36.237.207.194,16800,16800
111.249.232.31,8080,8080
61.224.217.43,10065,10065
114.43.49.94,14265,14265
35.194.141.50,443,443
36.226.159.126,4433,4433
36.237.176.98,443,443
36.237.168.25,443,443
36.237.173.201,443,443
38.60.214.54,443,443
36.231.68.96,12300,12300
36.238.152.229,50105,50105
36.238.191.146,50105,50105
114.26.152.41,37777,37777
114.37.16.162,10255,10255
61.231.48.10,80,80
36.238.198.28,443,443
61.231.48.10,443,443
111.249.234.214,8080,8080
111.249.236.128,8080,8080
34.80.142.117,30101,30101
1.164.123.218,26470,26470
61.224.52.47,10933,10933
36.231.75.145,12300,12300
36.239.60.228,10001,10001
36.238.200.168,443,443
45.43.59.232,443,443
103.159.207.79,443,443
218.187.67.223,12345,12345
220.143.43.217,443,443
111.249.225.21,8080,8080
114.24.97.170,10014,10014
114.24.197.180,10040,10040
111.255.15.106,10030,10030
61.231.43.7,80,80
111.242.45.174,32771,32771
36.238.204.16,443,443
36.238.203.70,443,443
35.221.199.224,443,443
104.199.170.135,443,443
114.40.203.4,10001,10001
118.166.80.247,19888,19888
118.167.129.59,10003,10003
36.226.130.201,4433,4433
118.163.128.81,28080,28080
111.249.232.182,8080,8080
1.173.195.43,32771,32771
36.237.181.42,443,443
111.249.197.84,8080,8080
61.231.47.230,443,443
36.237.148.144,443,443
36.237.189.121,443,443
1.169.83.7,25007,25007
203.69.251.53,443,443
114.43.156.52,13333,13333
220.141.96.205,8080,8080
220.143.27.104,443,443
61.231.51.115,443,443
36.238.194.5,443,443
114.25.29.99,18081,18081
111.249.221.72,8080,8080
36.236.24.118,16923,16923
114.37.157.201,4433,4433
1.169.29.141,10230,10230
36.238.201.66,443,443
106.105.73.93,22335,22335
36.237.247.141,16800,16800
220.141.96.237,8080,8080
36.238.205.185,22705,22705
36.237.164.53,443,443
34.80.216.181,80,80
103.190.169.104,80,80
1.169.20.16,10230,10230
36.238.145.238,50105,50105
36.238.129.87,50105,50105
106.105.73.93,15151,15151
111.243.33.15,18086,18086
111.249.209.220,8080,8080
36.238.200.217,443,443
61.224.4.133,10933,10933
220.143.5.143,443,443
36.237.116.28,443,443
118.170.232.192,13579,13579
220.130.42.192,10001,10001
36.239.55.148,10001,10001
36.235.213.18,10936,10936
114.37.136.87,4433,4433
111.249.245.47,8080,8080
36.238.197.222,443,443
103.188.120.81,80,80
219.85.157.182,29999,29999
175.182.143.97,36983,36983
111.241.94.174,10894,10894
1.163.7.217,10894,10894
118.150.184.195,27443,27443
175.182.35.18,35100,35100
122.121.15.101,16097,16097
111.249.244.74,8080,8080
36.237.157.224,443,443
114.47.146.15,17100,17100
36.238.199.94,443,443
1.163.220.117,21260,21260
36.237.181.69,443,443
122.121.182.229,11965,11965
220.143.9.66,443,443
114.27.23.148,16007,16007
36.235.130.237,21249,21249
111.249.252.66,21254,21254
114.40.194.160,10001,10001
111.249.249.155,8080,8080
60.248.117.31,32412,32412
61.228.167.84,4433,4433
114.37.152.101,32746,32746
35.221.162.49,2086,2086
36.238.197.191,443,443
36.237.176.239,443,443
114.33.245.141,10073,10073
220.143.10.57,443,443
36.237.116.143,443,443
103.188.120.211,80,80
36.233.154.4,16026,16026
61.228.150.120,4433,4433
61.231.45.119,443,443
111.253.227.29,21308,21308
106.107.182.133,32414,32414
125.230.204.61,20600,20600
36.230.66.165,16016,16016
118.171.85.72,21264,21264
202.39.170.227,443,443
1.174.73.164,18024,18024
106.104.225.103,18024,18024
35.194.241.8,8080,8080
111.249.206.247,8080,8080
219.85.31.31,12156,12156
114.38.84.193,12576,12576
61.231.47.232,80,80
111.243.13.10,18086,18086
36.237.177.55,443,443
61.231.47.232,443,443
108.165.145.63,443,443
111.252.152.14,16923,16923
114.39.122.247,20547,20547
152.32.167.50,80,80
220.141.97.113,8080,8080
114.40.199.89,10001,10001
104.155.237.16,8111,8111
211.22.243.164,30104,30104
218.164.230.11,443,443
111.252.132.16,16923,16923
118.167.71.1,4433,4433
111.252.211.247,10933,10933
114.37.35.105,10255,10255
1.172.132.128,22103,22103
36.237.180.115,443,443
36.237.120.106,443,443
34.80.141.47,80,80
1.163.133.165,16046,16046
61.61.39.61,16092,16092
220.143.41.130,443,443
220.143.41.144,443,443
59.127.82.224,21258,21258
219.84.184.135,10088,10088
106.105.163.223,10245,10245
103.188.120.155,80,80
36.239.94.163,16084,16084
108.165.145.36,443,443
108.165.145.36,443,443
35.194.224.148,443,443
35.229.137.75,21256,21256
111.249.242.243,21254,21254
103.188.120.53,80,80
114.27.9.167,16007,16007
103.188.120.152,80,80
125.228.241.52,16025,16025
1.175.101.209,21256,21256
220.143.33.13,443,443
220.133.60.230,443,443
36.237.155.110,20000,20000
36.227.107.93,443,443
36.237.158.161,33848,33848
36.229.240.180,27443,27443
111.249.220.70,8080,8080
59.126.104.105,21264,21264
36.238.26.222,32769,32769
103.135.119.73,80,80
103.148.146.89,80,80
103.135.119.78,80,80
103.135.119.111,80,80
103.148.146.84,80,80
103.148.69.89,80,80
108.165.145.187,13333,13333
220.143.24.204,443,443
103.118.199.248,443,443
1.174.87.29,18024,18024
123.205.122.8,18024,18024
111.249.222.171,8080,8080
35.206.220.18,8443,8443
36.237.191.152,443,443
220.133.60.230,443,443
114.33.161.125,20547,20547
36.227.114.214,443,443
1.174.54.193,32768,32768
36.227.114.214,80,80
219.85.86.18,12156,12156
60.248.139.106,10911,10911
220.143.10.211,443,443
114.46.216.144,21308,21308
118.170.244.32,18245,18245
111.253.210.230,21308,21308
1.168.158.43,20600,20600
114.38.144.69,12552,12552
114.38.39.42,18058,18058
220.143.13.54,443,443
114.38.82.241,12576,12576
123.205.144.15,12432,12432
36.230.224.241,18060,18060
114.26.70.73,12405,12405
61.64.176.241,12172,12172
104.199.238.124,8443,8443
111.240.90.179,12515,12515
175.182.29.55,12148,12148
114.38.39.42,12376,12376
114.46.216.144,12519,12519
125.229.125.51,12516,12516
125.229.1.204,12417,12417
36.236.164.222,12417,12417
114.27.133.30,12527,12527
125.231.170.4,12521,12521
219.85.191.180,12521,12521
111.255.122.223,10010,10010
36.227.135.242,18086,18086
36.238.5.166,32769,32769
1.173.76.217,12549,12549
111.249.234.188,8080,8080
118.167.199.204,12225,12225
61.228.23.192,12287,12287
118.171.147.75,12464,12464
114.40.202.158,10001,10001
1.169.90.117,12286,12286
111.253.61.96,12486,12486
220.141.163.8,12408,12408
36.237.125.190,443,443
61.230.93.125,12408,12408
218.164.226.26,12514,12514
1.170.133.232,10443,10443
36.237.186.43,443,443
36.238.196.76,443,443
103.24.52.106,80,80
103.24.52.120,80,80
220.129.129.136,12553,12553
103.188.120.80,80,80
103.188.121.44,80,80
1.165.64.237,12163,12163
111.248.14.222,12163,12163
1.168.162.44,12363,12363
220.143.21.203,443,443
220.143.34.162,443,443
220.143.133.85,12570,12570
61.228.178.91,4433,4433
118.170.158.231,12557,12557
1.163.106.250,12560,12560
1.161.179.63,12448,12448
111.249.227.128,8080,8080
125.231.161.2,12492,12492
36.236.27.78,12414,12414
218.166.188.187,12387,12387
36.236.197.48,12477,12477
36.235.141.53,12537,12537
36.237.218.48,12259,12259
114.36.244.169,12573,12573
36.236.154.149,12316,12316
60.248.63.88,12262,12262
220.129.0.170,12352,12352
36.236.189.37,14104,14104
118.163.128.81,12559,12559
218.161.36.49,12157,12157
111.246.151.86,12406,12406
36.231.146.238,11371,11371
103.148.69.82,80,80
36.227.98.231,80,80
36.237.131.186,443,443
36.237.157.191,443,443
36.227.98.231,443,443
36.238.199.39,443,443
36.235.117.47,10443,10443
125.229.89.36,22222,22222
35.189.188.126,443,443
60.248.139.106,12349,12349
103.148.146.86,80,80
103.175.195.111,80,80
103.148.69.81,80,80
114.42.40.234,11965,11965
103.148.146.81,80,80
103.148.69.86,80,80
103.148.146.83,80,80
36.234.167.66,12115,12115
103.148.69.84,80,80
103.148.69.85,80,80
103.148.69.83,80,80
1.172.71.96,12115,12115
103.148.146.85,80,80
103.148.69.90,80,80
59.115.139.198,12430,12430
1.168.11.33,12216,12216
59.125.78.224,443,443
1.175.84.18,18066,18066
1.161.196.195,12564,12564
1.160.204.59,12564,12564
123.205.130.203,12564,12564
114.42.69.150,10230,10230
125.229.125.51,12194,12194
111.246.112.116,12194,12194
61.228.146.136,4433,4433
123.204.141.31,12162,12162
1.160.204.59,13128,13128
114.25.54.142,11371,11371
61.228.213.178,28017,28017
218.187.87.57,26257,26257
123.192.100.176,8443,8443
36.237.234.130,35531,35531
106.107.162.215,20880,20880
114.37.28.79,10255,10255
218.172.12.171,10030,10030
111.252.227.166,10243,10243
111.249.220.96,8080,8080
35.201.150.44,443,443
114.24.200.131,10040,10040
220.143.14.143,443,443
36.237.117.70,443,443
36.237.113.222,443,443
103.24.52.53,80,80
1.172.144.97,10000,10000
36.230.87.238,12103,12103
125.230.24.124,18245,18245
36.239.41.27,10001,10001
203.69.251.53,443,443
36.224.220.19,12355,12355
36.238.210.232,443,443
61.228.1.209,12330,12330
36.238.212.10,443,443
111.248.20.209,12318,12318
114.42.192.90,12266,12266
203.73.34.200,12224,12224
36.231.138.252,12300,12300
111.252.157.45,12371,12371
36.232.22.214,12403,12403
36.227.110.238,80,80
114.37.119.92,4433,4433
111.253.252.152,12112,12112
36.224.120.17,12116,12116
36.228.139.132,12444,12444
61.228.151.215,12106,12106
36.231.195.5,27017,27017
124.218.2.234,14330,14330
1.173.186.112,12307,12307
36.229.217.180,27443,27443
118.167.195.28,12111,12111
36.231.72.53,30003,30003
111.249.198.124,8080,8080
1.172.106.81,12207,12207
114.39.149.107,12122,12122
122.117.175.143,12502,12502
114.25.42.172,12300,12300
36.237.124.245,443,443
36.237.185.231,443,443
35.236.188.8,443,443
36.227.111.82,443,443
36.236.231.131,12389,12389
103.135.118.176,80,80
103.188.120.125,80,80
103.175.195.73,80,80
103.148.146.23,80,80
103.24.53.183,80,80
1.174.113.86,12233,12233
220.136.210.102,12369,12369
1.172.102.242,12369,12369
182.155.79.69,12346,12346
114.37.166.205,19443,19443
1.175.70.93,19443,19443
61.216.180.104,12341,12341
114.27.2.17,12333,12333
36.234.188.78,15503,15503
1.175.73.103,12308,12308
36.233.11.26,12250,12250
35.201.189.121,443,443
36.227.108.26,443,443
36.237.120.39,443,443
36.237.139.149,443,443
218.187.86.45,26257,26257
1.170.219.71,10911,10911
220.143.13.133,443,443
36.237.169.211,443,443
36.237.123.93,443,443
1.164.238.135,10088,10088
36.237.124.104,443,443
36.231.193.119,27017,27017
1.169.31.200,26470,26470
36.227.108.26,80,80
35.221.215.200,2023,2023
61.228.139.40,4433,4433
61.228.209.147,28017,28017
36.239.11.130,10001,10001
1.164.225.198,10088,10088
114.36.84.144,20030,20030
103.148.146.88,80,80
114.37.126.156,4433,4433
111.248.15.208,18246,18246
111.246.14.54,30015,30015
114.36.7.123,19091,19091
1.172.23.142,11075,11075
111.249.241.177,8080,8080
106.104.173.180,12501,12501
111.249.249.222,8080,8080
1.169.31.87,26470,26470
114.24.13.238,10101,10101
111.250.192.82,12505,12505
103.135.118.22,80,80
103.24.52.23,80,80
35.201.193.97,443,443
103.135.118.145,80,80
118.170.48.138,12345,12345
36.237.158.35,443,443
36.231.90.83,11184,11184
59.120.1.116,18032,18032
36.228.11.227,18018,18018
103.159.206.229,443,443
114.24.0.124,28017,28017
111.254.167.52,12342,12342
45.121.50.152,443,443
1.164.229.81,11082,11082
36.239.234.229,11082,11082
118.169.163.172,26470,26470
220.141.99.243,8080,8080
114.24.10.58,18033,18033
1.162.179.242,10018,10018
36.227.156.203,18086,18086
36.227.98.18,443,443
103.150.36.88,443,443
210.209.140.39,28080,28080
114.24.10.58,28017,28017
36.231.198.170,27017,27017
36.239.53.186,10001,10001
1.165.8.192,10081,10081
114.41.15.188,10000,10000
36.237.179.124,443,443
218.187.86.246,26257,26257
114.38.201.204,11434,11434
220.141.105.52,8080,8080
36.238.201.112,443,443
36.238.202.234,443,443
36.237.121.245,443,443
182.155.106.3,16000,16000
61.228.136.241,4433,4433
61.228.207.185,28017,28017
61.228.207.167,28017,28017
36.231.193.80,27017,27017
211.75.68.14,443,443
61.71.10.158,10005,10005
220.143.35.144,443,443
103.24.53.142,80,80
103.24.52.54,80,80
103.24.53.64,80,80
103.24.52.209,80,80
103.24.52.117,80,80
103.24.52.222,80,80
103.24.52.140,80,80
103.148.69.23,80,80
103.188.120.105,80,80
103.24.53.174,80,80
36.235.146.28,20182,20182
103.175.194.145,80,80
111.249.223.35,8080,8080
103.24.52.249,80,80
103.175.194.43,80,80
36.238.193.217,443,443
114.41.11.34,10000,10000
36.238.192.240,443,443
36.237.181.114,443,443
36.227.114.197,443,443
103.24.53.176,80,80
36.227.114.197,80,80
118.165.0.147,13720,13720
103.24.52.122,80,80
114.39.97.69,38520,38520
219.85.203.163,28017,28017
61.228.197.94,28017,28017
103.24.53.173,80,80
103.24.52.229,80,80
103.24.53.63,80,80
103.24.52.226,80,80
36.228.163.203,12601,12601
36.231.199.219,27017,27017
114.40.209.234,10001,10001
103.175.194.22,80,80
61.223.156.176,33890,33890
36.226.141.7,4433,4433
114.26.134.222,37443,37443
118.170.9.145,10397,10397
36.239.3.210,10001,10001
1.162.144.151,7771,7771
103.24.52.63,80,80
103.24.52.189,80,80
103.24.52.29,80,80
103.24.52.146,80,80
1.165.0.238,10081,10081
218.164.227.128,443,443
111.255.215.51,30892,30892
36.237.181.224,443,443
103.24.53.44,80,80
103.24.53.48,80,80
103.24.52.234,80,80
103.135.118.43,80,80
103.175.194.176,80,80
37.128.253.49,2053,2053
220.143.32.171,443,443
1.160.177.106,443,443
36.231.218.243,27017,27017
219.85.174.146,10255,10255
36.227.96.239,443,443
36.227.96.239,80,80
36.238.201.246,443,443
218.173.157.23,25001,25001
36.238.202.79,443,443
111.249.235.136,8080,8080
36.227.97.175,443,443
36.237.116.248,443,443
36.225.168.101,443,443
36.227.97.175,80,80
103.188.120.247,80,80
111.249.228.115,8080,8080
36.231.157.198,29999,29999
61.228.232.50,28017,28017
36.232.6.178,29798,29798
35.229.254.184,8008,8008
35.194.199.149,443,443
150.116.208.36,22222,22222
104.199.183.202,443,443
220.129.205.23,18070,18070
35.194.230.28,443,443
36.225.150.177,443,443
36.237.169.137,443,443
36.237.180.134,443,443
36.237.174.142,443,443
61.228.189.74,4433,4433
220.130.80.179,443,443
103.188.120.52,80,80
103.161.7.108,80,80
103.135.119.82,80,80
103.24.53.157,80,80
103.175.167.175,80,80
103.175.195.82,80,80
103.148.146.87,80,80
103.161.7.175,80,80
103.148.146.90,80,80
103.148.69.88,80,80
103.148.69.87,80,80
103.188.120.133,80,80
219.85.203.46,28017,28017
1.162.156.41,7771,7771
37.128.253.49,8443,8443
103.148.146.82,80,80
36.238.201.90,443,443
103.161.7.46,80,80
220.143.3.191,443,443
118.163.128.81,10444,10444
111.249.222.75,8080,8080
111.249.220.238,8080,8080
218.164.230.59,443,443
114.24.3.46,28017,28017
36.231.219.175,27017,27017
1.160.163.22,443,443
1.162.147.7,7771,7771
218.173.134.200,25001,25001
111.249.206.157,8080,8080
36.225.149.234,443,443
45.43.59.127,443,443
36.226.157.15,4433,4433
36.227.115.155,80,80
36.237.187.104,443,443
103.159.88.23,443,443
103.188.120.36,80,80
103.188.120.229,80,80
36.227.110.129,80,80
36.231.199.153,27017,27017
61.228.211.59,28017,28017
103.188.121.34,80,80
210.209.202.31,10332,10332
103.188.120.121,80,80
103.188.120.168,80,80
218.161.100.108,18264,18264
111.249.195.249,8080,8080
36.237.226.182,10380,10380
118.171.113.85,16993,16993
36.226.66.233,29015,29015
36.237.173.66,443,443
111.250.83.7,443,443
114.37.116.82,4433,4433
123.205.138.26,10200,10200
36.227.109.84,80,80
111.248.210.210,18070,18070
1.169.217.151,12416,12416
111.249.249.53,8080,8080
106.105.125.215,11300,11300
114.37.101.152,12481,12481
218.35.219.12,12149,12149
118.161.4.47,12149,12149
36.236.198.3,12169,12169
219.85.175.150,10255,10255
36.226.87.184,29015,29015
36.227.138.26,18086,18086
13.35.166.24,443,443
106.105.125.215,12381,12381
1.169.31.232,10100,10100
34.80.64.122,443,443
36.227.96.245,443,443
35.194.133.154,443,443
111.250.77.120,443,443
220.143.35.232,443,443
36.228.235.41,3388,3388
1.160.182.138,443,443
114.42.203.15,12121,12121
103.188.120.172,80,80
114.25.40.171,10037,10037
36.231.181.8,29999,29999
1.162.88.35,10036,10036
61.228.142.129,4433,4433
114.37.159.140,4433,4433
36.237.127.43,443,443
108.165.144.240,10000,10000
36.231.211.236,27017,27017
36.228.217.11,3388,3388
36.237.166.184,443,443
35.229.155.149,8080,8080
1.175.188.31,28015,28015
111.249.234.17,8080,8080
36.238.200.174,443,443
104.199.160.47,443,443
36.227.105.149,443,443
36.237.115.51,443,443
36.228.213.253,3388,3388
36.237.165.36,30002,30002
1.161.108.123,10004,10004
36.231.198.71,27017,27017
103.224.92.91,443,443
35.201.191.79,8443,8443
1.165.13.246,10081,10081
36.237.133.222,443,443
35.201.191.79,443,443
36.227.109.12,443,443
111.250.84.155,443,443
103.106.230.153,443,443
103.161.7.113,80,80
103.188.121.140,80,80
23.41.142.103,443,443
61.30.178.41,12345,12345
118.170.86.203,10022,10022
36.226.156.236,4433,4433
118.169.20.217,10333,10333
106.107.173.121,10000,10000
111.249.227.215,8080,8080
210.209.195.1,18443,18443
113.61.250.18,19888,19888
35.194.199.149,443,443
36.237.127.216,443,443
108.165.144.88,443,443
23.41.142.103,443,443
23.41.142.103,80,80
103.188.121.68,80,80
103.188.121.143,80,80
103.188.121.132,80,80
103.188.121.158,80,80
103.188.121.130,80,80
103.188.121.109,80,80
103.188.121.125,80,80
103.188.121.118,80,80
103.188.121.112,80,80
103.188.121.101,80,80
103.188.121.134,80,80
103.188.121.78,80,80
103.188.121.79,80,80
103.188.121.154,80,80
103.24.52.186,80,80
103.175.167.113,80,80
106.107.238.226,27017,27017
61.228.178.148,4433,4433
36.226.87.219,29015,29015
36.227.112.230,443,443
103.159.207.82,443,443
36.231.214.111,27017,27017
36.237.170.96,30002,30002
123.193.80.31,15672,15672
59.102.234.227,36167,36167
220.143.42.186,443,443
118.171.116.171,16993,16993
103.106.230.187,443,443
36.226.163.168,10333,10333
37.128.253.75,443,443
103.148.72.150,1688,1688
36.237.178.64,443,443
220.143.42.195,443,443
36.226.108.192,29015,29015
118.165.10.146,10073,10073
111.249.238.234,8080,8080
36.226.86.65,29015,29015
182.155.113.37,33848,33848
36.238.194.240,443,443
36.237.149.59,443,443
36.231.211.27,27017,27017
103.24.52.211,80,80
111.249.226.183,8080,8080
182.155.181.21,10134,10134
36.238.199.197,443,443
36.238.196.77,443,443
218.164.224.160,443,443
114.40.63.98,10058,10058
219.85.34.14,10020,10020
37.128.253.81,443,443
182.235.175.51,10011,10011
219.85.143.19,10000,10000
182.155.210.133,20121,20121
118.171.136.27,16993,16993
36.237.123.183,30002,30002
60.248.139.106,25000,25000
36.226.129.54,4433,4433
103.159.206.151,443,443
36.231.18.159,30007,30007
35.229.239.251,443,443
35.221.215.200,2024,2024
220.141.14.9,20547,20547
118.167.177.25,12300,12300
61.30.128.32,12345,12345
114.37.98.188,4433,4433
103.188.121.21,80,80
103.188.120.219,80,80
103.188.121.11,80,80
103.188.121.40,80,80
111.249.219.88,8080,8080
36.237.135.91,443,443
36.237.124.178,443,443
220.143.20.115,443,443
36.237.119.187,443,443
37.128.252.68,443,443
36.238.203.213,443,443
35.206.232.179,80,80
218.164.226.237,443,443
45.121.50.84,443,443
36.231.193.167,27017,27017
111.249.235.138,443,443
36.238.204.80,443,443
36.237.128.186,443,443
1.171.163.188,8443,8443
111.249.192.226,8080,8080
103.188.120.189,80,80
103.188.120.67,80,80
103.188.120.54,80,80
35.201.139.10,8080,8080
103.188.120.96,80,80
103.188.120.225,80,80
103.188.120.128,80,80
103.188.120.64,80,80
103.188.120.44,80,80
103.188.120.99,80,80
111.249.244.40,8080,8080
36.228.193.21,3388,3388
61.62.197.165,32771,32771
